City,Url
Cesme,https://www.tripadvisor.com/Restaurant_Review-g1024116-d17234105-Reviews-Avula_AlacatI-Alacati_Cesme_Izmir_Province_Turkish_Aegean_Coast.html
Cesme,https://www.tripadvisor.com/Restaurant_Review-g1024116-d10643772-Reviews-Deniz_Pide_Alacati-Alacati_Cesme_Izmir_Province_Turkish_Aegean_Coast.html
Cesme,https://www.tripadvisor.com/Restaurant_Review-g1024116-d12194241-Reviews-Katre_Kahvalti-Alacati_Cesme_Izmir_Province_Turkish_Aegean_Coast.html
Cesme,https://www.tripadvisor.com/Restaurant_Review-g1024116-d10279864-Reviews-Enginarre-Alacati_Cesme_Izmir_Province_Turkish_Aegean_Coast.html
Cesme,https://www.tripadvisor.com/Restaurant_Review-g1024116-d7007186-Reviews-Iris_Art_Steakhouse-Alacati_Cesme_Izmir_Province_Turkish_Aegean_Coast.html
Cesme,https://www.tripadvisor.com/Restaurant_Review-g1024116-d6726538-Reviews-Fava-Alacati_Cesme_Izmir_Province_Turkish_Aegean_Coast.html
Cesme,https://www.tripadvisor.com/Restaurant_Review-g1024116-d3473215-Reviews-Kabak_Cicegi-Alacati_Cesme_Izmir_Province_Turkish_Aegean_Coast.html
Cesme,https://www.tripadvisor.com/Restaurant_Review-g1024116-d7398384-Reviews-Zeytinalti-Alacati_Cesme_Izmir_Province_Turkish_Aegean_Coast.html
Cesme,https://www.tripadvisor.com/Restaurant_Review-g298004-d14922490-Reviews-Defne_YapragI_BalIk_Restaurant_Dalyankoy_Cesme-Cesme_Izmir_Province_Turkish_Aege.html
Cesme,https://www.tripadvisor.com/Restaurant_Review-g298004-d14935760-Reviews-Lara_Prime_Steak-Cesme_Izmir_Province_Turkish_Aegean_Coast.html
Cesme,https://www.tripadvisor.com/Restaurant_Review-g298004-d12998012-Reviews-Cark_Cesme_Sokak_Meyhane-Cesme_Izmir_Province_Turkish_Aegean_Coast.html
Cesme,https://www.tripadvisor.com/Restaurant_Review-g1024116-d12723518-Reviews-Lagada-Alacati_Cesme_Izmir_Province_Turkish_Aegean_Coast.html
Cesme,https://www.tripadvisor.com/Restaurant_Review-g1024116-d10465584-Reviews-Leblebili_Meyhane-Alacati_Cesme_Izmir_Province_Turkish_Aegean_Coast.html
Cesme,https://www.tripadvisor.com/Restaurant_Review-g1024116-d3404468-Reviews-Ferdi_Baba_Restaurant-Alacati_Cesme_Izmir_Province_Turkish_Aegean_Coast.html
Cesme,https://www.tripadvisor.com/Restaurant_Review-g1024116-d9697015-Reviews-Papazz-Alacati_Cesme_Izmir_Province_Turkish_Aegean_Coast.html
Cesme,https://www.tripadvisor.com/Restaurant_Review-g298004-d10595693-Reviews-Bumba_breakfast_club-Cesme_Izmir_Province_Turkish_Aegean_Coast.html
Cesme,https://www.tripadvisor.com/Restaurant_Review-g1024116-d7693594-Reviews-Babushka_Alacati-Alacati_Cesme_Izmir_Province_Turkish_Aegean_Coast.html
Cesme,https://www.tripadvisor.com/Restaurant_Review-g298004-d2671554-Reviews-Dost_Pide_Pizza-Cesme_Izmir_Province_Turkish_Aegean_Coast.html
Cesme,https://www.tripadvisor.com/Restaurant_Review-g1024116-d3334555-Reviews-Avrasya_Ev_Yemekleri-Alacati_Cesme_Izmir_Province_Turkish_Aegean_Coast.html
Cesme,https://www.tripadvisor.com/Restaurant_Review-g1024116-d2270196-Reviews-Kirmizi_Ardic_Kusu-Alacati_Cesme_Izmir_Province_Turkish_Aegean_Coast.html
Cesme,https://www.tripadvisor.com/Restaurant_Review-g1024116-d10276410-Reviews-Arven_Food_Wine-Alacati_Cesme_Izmir_Province_Turkish_Aegean_Coast.html
Cesme,https://www.tripadvisor.com/Restaurant_Review-g1024116-d6000997-Reviews-1850_Cafe_Restaurant-Alacati_Cesme_Izmir_Province_Turkish_Aegean_Coast.html
Cesme,https://www.tripadvisor.com/Restaurant_Review-g1024116-d2155519-Reviews-Asma_Yapragi-Alacati_Cesme_Izmir_Province_Turkish_Aegean_Coast.html
Cesme,https://www.tripadvisor.com/Restaurant_Review-g1024116-d14073070-Reviews-Sota_Alacati-Alacati_Cesme_Izmir_Province_Turkish_Aegean_Coast.html
Cesme,https://www.tripadvisor.com/Restaurant_Review-g1024116-d19398809-Reviews-Monat_Mutfak-Alacati_Cesme_Izmir_Province_Turkish_Aegean_Coast.html
Cesme,https://www.tripadvisor.com/Restaurant_Review-g1024116-d21041508-Reviews-Salkim_Sogut_Alacati-Alacati_Cesme_Izmir_Province_Turkish_Aegean_Coast.html
Cesme,https://www.tripadvisor.com/Restaurant_Review-g298004-d13297886-Reviews-Zeytin_Makarna-Cesme_Izmir_Province_Turkish_Aegean_Coast.html
Cesme,https://www.tripadvisor.com/Restaurant_Review-g298004-d2681323-Reviews-Tokmak_Hasan_nin_Yeri-Cesme_Izmir_Province_Turkish_Aegean_Coast.html
Cesme,https://www.tripadvisor.com/Restaurant_Review-g298004-d1988524-Reviews-Agrilia_Restaurant-Cesme_Izmir_Province_Turkish_Aegean_Coast.html
Cesme,https://www.tripadvisor.com/Restaurant_Review-g1024116-d21059861-Reviews-Ekmek_Kokusu_Alacati-Alacati_Cesme_Izmir_Province_Turkish_Aegean_Coast.html
Cesme,https://www.tripadvisor.com/Restaurant_Review-g298004-d4553033-Reviews-Ferdi_Baba-Cesme_Izmir_Province_Turkish_Aegean_Coast.html
Cesme,https://www.tripadvisor.com/Restaurant_Review-g298004-d3463335-Reviews-Salonis-Cesme_Izmir_Province_Turkish_Aegean_Coast.html
Cesme,https://www.tripadvisor.com/Restaurant_Review-g1024116-d3354588-Reviews-Kumrucu_Sevki-Alacati_Cesme_Izmir_Province_Turkish_Aegean_Coast.html
Cesme,https://www.tripadvisor.com/Restaurant_Review-g1024116-d3405051-Reviews-Antioche-Alacati_Cesme_Izmir_Province_Turkish_Aegean_Coast.html
Cesme,https://www.tripadvisor.com/Restaurant_Review-g1024116-d10501248-Reviews-Angie_s_Alacati-Alacati_Cesme_Izmir_Province_Turkish_Aegean_Coast.html
Cesme,https://www.tripadvisor.com/Restaurant_Review-g298004-d1888919-Reviews-Dalyan_Restaurant_Cevat_in_Yeri-Cesme_Izmir_Province_Turkish_Aegean_Coast.html
Cesme,https://www.tripadvisor.com/Restaurant_Review-g298004-d866364-Reviews-Istakozcu_Can_Baba-Cesme_Izmir_Province_Turkish_Aegean_Coast.html
Cesme,https://www.tripadvisor.com/Restaurant_Review-g1024116-d8643887-Reviews-Varka_Restaurant-Alacati_Cesme_Izmir_Province_Turkish_Aegean_Coast.html
Cesme,https://www.tripadvisor.com/Restaurant_Review-g1024116-d11962047-Reviews-Mahalle_Alacati-Alacati_Cesme_Izmir_Province_Turkish_Aegean_Coast.html
Cesme,https://www.tripadvisor.com/Restaurant_Review-g1024116-d1822362-Reviews-Bizim_Ev_Restaurant-Alacati_Cesme_Izmir_Province_Turkish_Aegean_Coast.html
Cesme,https://www.tripadvisor.com/Restaurant_Review-g1024116-d11770472-Reviews-KAPHA-Alacati_Cesme_Izmir_Province_Turkish_Aegean_Coast.html
Cesme,https://www.tripadvisor.com/Restaurant_Review-g298004-d3173389-Reviews-Ayasaranda_Imren_Restaurant-Cesme_Izmir_Province_Turkish_Aegean_Coast.html
Cesme,https://www.tripadvisor.com/Restaurant_Review-g1024116-d7088241-Reviews-Karina_Alacati-Alacati_Cesme_Izmir_Province_Turkish_Aegean_Coast.html
Cesme,https://www.tripadvisor.com/Restaurant_Review-g1024116-d13625544-Reviews-Ruzgaralti_Alacati_Kahvalti_Evi-Alacati_Cesme_Izmir_Province_Turkish_Aegean_Coa.html
Cesme,https://www.tripadvisor.com/Restaurant_Review-g298004-d12458018-Reviews-CarpeDiem-Cesme_Izmir_Province_Turkish_Aegean_Coast.html
Cesme,https://www.tripadvisor.com/Restaurant_Review-g1024116-d12361752-Reviews-Balfunes-Alacati_Cesme_Izmir_Province_Turkish_Aegean_Coast.html
Cesme,https://www.tripadvisor.com/Restaurant_Review-g1024116-d12334992-Reviews-Dem_AlacatI_Meyhane-Alacati_Cesme_Izmir_Province_Turkish_Aegean_Coast.html
Cesme,https://www.tripadvisor.com/Restaurant_Review-g1024116-d4072330-Reviews-Iyi_Pizza_Bar-Alacati_Cesme_Izmir_Province_Turkish_Aegean_Coast.html
Cesme,https://www.tripadvisor.com/Restaurant_Review-g298004-d6953300-Reviews-Petit_Coin_Cesme-Cesme_Izmir_Province_Turkish_Aegean_Coast.html
Cesme,https://www.tripadvisor.com/Restaurant_Review-g298004-d2677701-Reviews-Imren_Lokantasi-Cesme_Izmir_Province_Turkish_Aegean_Coast.html
Cesme,https://www.tripadvisor.com/Restaurant_Review-g1024116-d10388736-Reviews-2_Kapi_Restaurant_Lounge-Alacati_Cesme_Izmir_Province_Turkish_Aegean_Coast.html
Cesme,https://www.tripadvisor.com/Restaurant_Review-g298004-d6919747-Reviews-Horasan_Balik_Pisiricisi-Cesme_Izmir_Province_Turkish_Aegean_Coast.html
Cesme,https://www.tripadvisor.com/Restaurant_Review-g1024116-d2340104-Reviews-Roka_Bahce-Alacati_Cesme_Izmir_Province_Turkish_Aegean_Coast.html
Cesme,https://www.tripadvisor.com/Restaurant_Review-g298004-d1811324-Reviews-Hanimeli_Restaurant-Cesme_Izmir_Province_Turkish_Aegean_Coast.html
Cesme,https://www.tripadvisor.com/Restaurant_Review-g1024116-d14139576-Reviews-Da_Franco_Gelato-Alacati_Cesme_Izmir_Province_Turkish_Aegean_Coast.html
Cesme,https://www.tripadvisor.com/Restaurant_Review-g1024116-d14940170-Reviews-Limburgia_Turkey_AlacatI-Alacati_Cesme_Izmir_Province_Turkish_Aegean_Coast.html
Cesme,https://www.tripadvisor.com/Restaurant_Review-g1024116-d17396685-Reviews-Gece_Yiyen_Adam-Alacati_Cesme_Izmir_Province_Turkish_Aegean_Coast.html
Cesme,https://www.tripadvisor.com/Restaurant_Review-g1024116-d6438452-Reviews-Balikci_Niyazi-Alacati_Cesme_Izmir_Province_Turkish_Aegean_Coast.html
Cesme,https://www.tripadvisor.com/Restaurant_Review-g298004-d2681324-Reviews-Friendly_Corner_Restaurant_Cafe_Bar-Cesme_Izmir_Province_Turkish_Aegean_Coast.html
Cesme,https://www.tripadvisor.com/Restaurant_Review-g1024116-d12896220-Reviews-Pizza_Locale-Alacati_Cesme_Izmir_Province_Turkish_Aegean_Coast.html
Bodrum,https://www.tripadvisor.com/Restaurant_Review-g298658-d2146535-Reviews-Dinc_Cafe_Bar-Bodrum_City_Bodrum_District_Mugla_Province_Turkish_Aegean_Coast.html
Bodrum,https://www.tripadvisor.com/Restaurant_Review-g312738-d14126180-Reviews-Sunset_Yalikavak-Yalikavak_Bodrum_District_Mugla_Province_Turkish_Aegean_Coast.html
Bodrum,https://www.tripadvisor.com/Restaurant_Review-g298658-d23094754-Reviews-Sultan_Bahce_Restaurant-Bodrum_City_Bodrum_District_Mugla_Province_Turkish_Aegea.html
Bodrum,https://www.tripadvisor.com/Restaurant_Review-g312738-d10214730-Reviews-J_Joe_s_Beach_Bar_and_Restaurant-Yalikavak_Bodrum_District_Mugla_Province_Turkis.html
Bodrum,https://www.tripadvisor.com/Restaurant_Review-g312738-d14509653-Reviews-Brava_Bodrum-Yalikavak_Bodrum_District_Mugla_Province_Turkish_Aegean_Coast.html
Bodrum,https://www.tripadvisor.com/Restaurant_Review-g298662-d15047482-Reviews-Dayi_Balik_Sahil_Restaurant_Beach-Ortakent_Bodrum_District_Mugla_Province_Turkis.html
Bodrum,https://www.tripadvisor.com/Restaurant_Review-g298661-d3214787-Reviews-Shanghai_Restaurant-Gumbet_Bodrum_District_Mugla_Province_Turkish_Aegean_Coast.html
Bodrum,https://www.tripadvisor.com/Restaurant_Review-g298658-d1648498-Reviews-La_Pasion_Restaurant-Bodrum_City_Bodrum_District_Mugla_Province_Turkish_Aegean_Co.html
Bodrum,https://www.tripadvisor.com/Restaurant_Review-g298658-d13587359-Reviews-Tyro_Italiano_Pizzeria_Ristorante-Bodrum_City_Bodrum_District_Mugla_Province_Tur.html
Bodrum,https://www.tripadvisor.com/Restaurant_Review-g298658-d1791777-Reviews-Demeter_Bar_Restaurant-Bodrum_City_Bodrum_District_Mugla_Province_Turkish_Aegean_.html
Bodrum,https://www.tripadvisor.com/Restaurant_Review-g298661-d1163568-Reviews-Annalivia_Restaurant_Gumbet-Gumbet_Bodrum_District_Mugla_Province_Turkish_Aegean_.html
Bodrum,https://www.tripadvisor.com/Restaurant_Review-g951444-d12659402-Reviews-Akbalik_Restaurant-Gundogan_Bodrum_District_Mugla_Province_Turkish_Aegean_Coast.html
Bodrum,https://www.tripadvisor.com/Restaurant_Review-g298658-d5973579-Reviews-Avlu_Bodrum_Bistro_Bar-Bodrum_City_Bodrum_District_Mugla_Province_Turkish_Aegean_.html
Bodrum,https://www.tripadvisor.com/Restaurant_Review-g298659-d5993890-Reviews-The_Club_Restaurant_Bar-Bitez_Bodrum_District_Mugla_Province_Turkish_Aegean_Coast.html
Bodrum,https://www.tripadvisor.com/Restaurant_Review-g298661-d10355361-Reviews-Alfiemoons-Gumbet_Bodrum_District_Mugla_Province_Turkish_Aegean_Coast.html
Bodrum,https://www.tripadvisor.com/Restaurant_Review-g298661-d3182137-Reviews-Peters_Place-Gumbet_Bodrum_District_Mugla_Province_Turkish_Aegean_Coast.html
Bodrum,https://www.tripadvisor.com/Restaurant_Review-g298658-d2350553-Reviews-El_Vino_Restaurant-Bodrum_City_Bodrum_District_Mugla_Province_Turkish_Aegean_Coas.html
Bodrum,https://www.tripadvisor.com/Restaurant_Review-g298658-d6809338-Reviews-Dukkan-Bodrum_City_Bodrum_District_Mugla_Province_Turkish_Aegean_Coast.html
Bodrum,https://www.tripadvisor.com/Restaurant_Review-g298658-d2365923-Reviews-Antik_Akdeniz-Bodrum_City_Bodrum_District_Mugla_Province_Turkish_Aegean_Coast.html
Bodrum,https://www.tripadvisor.com/Restaurant_Review-g298658-d1372225-Reviews-OTANTIK_OCAKBASI_KEBAB_STEAK_GRILL_HOUSE-Bodrum_City_Bodrum_District_Mugla_Provin.html
Bodrum,https://www.tripadvisor.com/Restaurant_Review-g298661-d10125019-Reviews-Ricks_Place-Gumbet_Bodrum_District_Mugla_Province_Turkish_Aegean_Coast.html
Bodrum,https://www.tripadvisor.com/Restaurant_Review-g312738-d1510421-Reviews-Sofi_s_Restaurant_Beach-Yalikavak_Bodrum_District_Mugla_Province_Turkish_Aegean_C.html
Bodrum,https://www.tripadvisor.com/Restaurant_Review-g298661-d3370670-Reviews-Konya_Ugurlu-Gumbet_Bodrum_District_Mugla_Province_Turkish_Aegean_Coast.html
Bodrum,https://www.tripadvisor.com/Restaurant_Review-g298659-d1572300-Reviews-The_Black_Cat-Bitez_Bodrum_District_Mugla_Province_Turkish_Aegean_Coast.html
Bodrum,https://www.tripadvisor.com/Restaurant_Review-g298661-d1523087-Reviews-Divers_Restaraunt-Gumbet_Bodrum_District_Mugla_Province_Turkish_Aegean_Coast.html
Bodrum,https://www.tripadvisor.com/Restaurant_Review-g298664-d1076428-Reviews-Uncle_s_Restaurant-Turgutreis_Bodrum_District_Mugla_Province_Turkish_Aegean_Coast.html
Bodrum,https://www.tripadvisor.com/Restaurant_Review-g298658-d14282983-Reviews-Mezemore-Bodrum_City_Bodrum_District_Mugla_Province_Turkish_Aegean_Coast.html
Bodrum,https://www.tripadvisor.com/Restaurant_Review-g298658-d4004910-Reviews-Meat_Burger_Steakhouse-Bodrum_City_Bodrum_District_Mugla_Province_Turkish_Aegean_.html
Bodrum,https://www.tripadvisor.com/Restaurant_Review-g298659-d1480696-Reviews-Almera_Restaurant-Bitez_Bodrum_District_Mugla_Province_Turkish_Aegean_Coast.html
Bodrum,https://www.tripadvisor.com/Restaurant_Review-g298658-d8387833-Reviews-Sugar_and_Salt-Bodrum_City_Bodrum_District_Mugla_Province_Turkish_Aegean_Coast.html
Bodrum,https://www.tripadvisor.com/Restaurant_Review-g298664-d1491028-Reviews-Cool_Breeze_Restaurant-Turgutreis_Bodrum_District_Mugla_Province_Turkish_Aegean_C.html
Bodrum,https://www.tripadvisor.com/Restaurant_Review-g298661-d2101383-Reviews-Carpe_Diem-Gumbet_Bodrum_District_Mugla_Province_Turkish_Aegean_Coast.html
Bodrum,https://www.tripadvisor.com/Restaurant_Review-g298661-d1843720-Reviews-The_Royal_Restaurant-Gumbet_Bodrum_District_Mugla_Province_Turkish_Aegean_Coast.html
Bodrum,https://www.tripadvisor.com/Restaurant_Review-g298661-d3524205-Reviews-Mistral_Bay_Steak_Wine_House-Gumbet_Bodrum_District_Mugla_Province_Turkish_Aegean.html
Bodrum,https://www.tripadvisor.com/Restaurant_Review-g298661-d3211199-Reviews-Denny_s-Gumbet_Bodrum_District_Mugla_Province_Turkish_Aegean_Coast.html
Bodrum,https://www.tripadvisor.com/Restaurant_Review-g298659-d3330326-Reviews-Salmakis_Chinese_Restaurant-Bitez_Bodrum_District_Mugla_Province_Turkish_Aegean_C.html
Bodrum,https://www.tripadvisor.com/Restaurant_Review-g298661-d2192629-Reviews-Uncle_Fester_s_Restaurant-Gumbet_Bodrum_District_Mugla_Province_Turkish_Aegean_Co.html
Bodrum,https://www.tripadvisor.com/Restaurant_Review-g298658-d3220474-Reviews-OX_Wine_Burger_Bar-Bodrum_City_Bodrum_District_Mugla_Province_Turkish_Aegean_Coas.html
Bodrum,https://www.tripadvisor.com/Restaurant_Review-g298661-d1575041-Reviews-Windy_Bay_Restaurant-Gumbet_Bodrum_District_Mugla_Province_Turkish_Aegean_Coast.html
Bodrum,https://www.tripadvisor.com/Restaurant_Review-g298661-d1163500-Reviews-Cafe_de_Colombia-Gumbet_Bodrum_District_Mugla_Province_Turkish_Aegean_Coast.html
Bodrum,https://www.tripadvisor.com/Restaurant_Review-g298658-d1446647-Reviews-Tranca_Restaurant-Bodrum_City_Bodrum_District_Mugla_Province_Turkish_Aegean_Coast.html
Bodrum,https://www.tripadvisor.com/Restaurant_Review-g298664-d1514758-Reviews-Nazar-Turgutreis_Bodrum_District_Mugla_Province_Turkish_Aegean_Coast.html
Bodrum,https://www.tripadvisor.com/Restaurant_Review-g664076-d3242816-Reviews-Gumuscafe_Fish_Restaurant-Gumusluk_Bodrum_District_Mugla_Province_Turkish_Aegean_.html
Bodrum,https://www.tripadvisor.com/Restaurant_Review-g298661-d2304012-Reviews-Degirmen_Restaurant-Gumbet_Bodrum_District_Mugla_Province_Turkish_Aegean_Coast.html
Bodrum,https://www.tripadvisor.com/Restaurant_Review-g312738-d13825407-Reviews-Kahraman_Bodrum-Yalikavak_Bodrum_District_Mugla_Province_Turkish_Aegean_Coast.html
Bodrum,https://www.tripadvisor.com/Restaurant_Review-g298659-d16738635-Reviews-Scrooge_s-Bitez_Bodrum_District_Mugla_Province_Turkish_Aegean_Coast.html
Bodrum,https://www.tripadvisor.com/Restaurant_Review-g298658-d10541667-Reviews-Churchill_Bistro-Bodrum_City_Bodrum_District_Mugla_Province_Turkish_Aegean_Coast.html
Bodrum,https://www.tripadvisor.com/Restaurant_Review-g298661-d1845346-Reviews-Family_Door_restaurant_karoke_pub-Gumbet_Bodrum_District_Mugla_Province_Turkish_A.html
Bodrum,https://www.tripadvisor.com/Restaurant_Review-g298658-d4082502-Reviews-Arka_Ristorante_Pizzeria-Bodrum_City_Bodrum_District_Mugla_Province_Turkish_Aegea.html
Bodrum,https://www.tripadvisor.com/Restaurant_Review-g298658-d3571668-Reviews-Musto_Bistro-Bodrum_City_Bodrum_District_Mugla_Province_Turkish_Aegean_Coast.html
Bodrum,https://www.tripadvisor.com/Restaurant_Review-g312738-d2277850-Reviews-Dede_Restaurant-Yalikavak_Bodrum_District_Mugla_Province_Turkish_Aegean_Coast.html
Bodrum,https://www.tripadvisor.com/Restaurant_Review-g298659-d1223354-Reviews-The_Lemon_Tree_Restaurant-Bitez_Bodrum_District_Mugla_Province_Turkish_Aegean_Coa.html
Bodrum,https://www.tripadvisor.com/Restaurant_Review-g298661-d1163990-Reviews-China_Town_Restaurant-Gumbet_Bodrum_District_Mugla_Province_Turkish_Aegean_Coast.html
Bodrum,https://www.tripadvisor.com/Restaurant_Review-g312738-d2465121-Reviews-Kosede_Steak_Wine_House-Yalikavak_Bodrum_District_Mugla_Province_Turkish_Aegean_C.html
Bodrum,https://www.tripadvisor.com/Restaurant_Review-g298658-d12843433-Reviews-Keci-Bodrum_City_Bodrum_District_Mugla_Province_Turkish_Aegean_Coast.html
Bodrum,https://www.tripadvisor.com/Restaurant_Review-g298661-d1237553-Reviews-Red_Dragon_Restaurant-Gumbet_Bodrum_District_Mugla_Province_Turkish_Aegean_Coast.html
Bodrum,https://www.tripadvisor.com/Restaurant_Review-g298658-d1138984-Reviews-Red_Dragon_Chinese_Restaurant-Bodrum_City_Bodrum_District_Mugla_Province_Turkish_.html
Bodrum,https://www.tripadvisor.com/Restaurant_Review-g298661-d4579444-Reviews-Adam_s_Pub-Gumbet_Bodrum_District_Mugla_Province_Turkish_Aegean_Coast.html
Bodrum,https://www.tripadvisor.com/Restaurant_Review-g298658-d2523308-Reviews-Nazik_Ana-Bodrum_City_Bodrum_District_Mugla_Province_Turkish_Aegean_Coast.html
Bodrum,https://www.tripadvisor.com/Restaurant_Review-g298659-d6542563-Reviews-Aqua_Restaurant-Bitez_Bodrum_District_Mugla_Province_Turkish_Aegean_Coast.html
Marmaris,https://www.tripadvisor.com/Restaurant_Review-g1507463-d8018762-Reviews-Loca_Hotel_and_Restaurant-Selimiye_Marmaris_District_Mugla_Province_Turkish_Aege.html
Marmaris,https://www.tripadvisor.com/Restaurant_Review-g609056-d2207559-Reviews-Home_Bistro-Icmeler_Marmaris_District_Mugla_Province_Turkish_Aegean_Coast.html
Marmaris,https://www.tripadvisor.com/Restaurant_Review-g609056-d2211691-Reviews-Sidiks_family_restaurant-Icmeler_Marmaris_District_Mugla_Province_Turkish_Aegean_.html
Marmaris,https://www.tripadvisor.com/Restaurant_Review-g1507463-d17605009-Reviews-Memleket_Lokantasi-Selimiye_Marmaris_District_Mugla_Province_Turkish_Aegean_Coa.html
Marmaris,https://www.tripadvisor.com/Restaurant_Review-g670690-d3404988-Reviews-J_J_Steakhouse-Armutalan_Marmaris_District_Mugla_Province_Turkish_Aegean_Coast.html
Marmaris,https://www.tripadvisor.com/Restaurant_Review-g298033-d5930798-Reviews-Hacis_Cafe_Restaurant_Bar-Marmaris_Marmaris_District_Mugla_Province_Turkish_Aegea.html
Marmaris,https://www.tripadvisor.com/Restaurant_Review-g609056-d14780423-Reviews-Kebab42_CHICKEN_HOUSE-Icmeler_Marmaris_District_Mugla_Province_Turkish_Aegean_Co.html
Marmaris,https://www.tripadvisor.com/Restaurant_Review-g670690-d1088920-Reviews-New_York_Restaurant_and_Bar-Armutalan_Marmaris_District_Mugla_Province_Turkish_Ae.html
Marmaris,https://www.tripadvisor.com/Restaurant_Review-g775303-d1891937-Reviews-Antik_Restoran-Turunc_Marmaris_District_Mugla_Province_Turkish_Aegean_Coast.html
Marmaris,https://www.tripadvisor.com/Restaurant_Review-g609056-d10537475-Reviews-Botanic_Garden-Icmeler_Marmaris_District_Mugla_Province_Turkish_Aegean_Coast.html
Marmaris,https://www.tripadvisor.com/Restaurant_Review-g609056-d12374785-Reviews-Golden_Moon_champagne_steak_house-Icmeler_Marmaris_District_Mugla_Province_Turki.html
Marmaris,https://www.tripadvisor.com/Restaurant_Review-g298033-d1569658-Reviews-Cosy_Corner-Marmaris_Marmaris_District_Mugla_Province_Turkish_Aegean_Coast.html
Marmaris,https://www.tripadvisor.com/Restaurant_Review-g609056-d6727198-Reviews-Sunblue_Restaurant-Icmeler_Marmaris_District_Mugla_Province_Turkish_Aegean_Coast.html
Marmaris,https://www.tripadvisor.com/Restaurant_Review-g609056-d1059498-Reviews-Selam_Restaurant-Icmeler_Marmaris_District_Mugla_Province_Turkish_Aegean_Coast.html
Marmaris,https://www.tripadvisor.com/Restaurant_Review-g298033-d12872952-Reviews-Karen_Brasserie-Marmaris_Marmaris_District_Mugla_Province_Turkish_Aegean_Coast.html
Marmaris,https://www.tripadvisor.com/Restaurant_Review-g298033-d1811019-Reviews-Sweet_Corner_Restaurant_Steak_House-Marmaris_Marmaris_District_Mugla_Province_Tur.html
Marmaris,https://www.tripadvisor.com/Restaurant_Review-g298033-d5065076-Reviews-Fantasia-Marmaris_Marmaris_District_Mugla_Province_Turkish_Aegean_Coast.html
Marmaris,https://www.tripadvisor.com/Restaurant_Review-g609056-d8018391-Reviews-Sevgi_Bar-Icmeler_Marmaris_District_Mugla_Province_Turkish_Aegean_Coast.html
Marmaris,https://www.tripadvisor.com/Restaurant_Review-g609056-d7712916-Reviews-Tipsi_Beer_Burger_House-Icmeler_Marmaris_District_Mugla_Province_Turkish_Aegean_C.html
Marmaris,https://www.tripadvisor.com/Restaurant_Review-g609056-d1515411-Reviews-Winehouse-Icmeler_Marmaris_District_Mugla_Province_Turkish_Aegean_Coast.html
Marmaris,https://www.tripadvisor.com/Restaurant_Review-g298033-d3581866-Reviews-Golden_River_Steak_House-Marmaris_Marmaris_District_Mugla_Province_Turkish_Aegean.html
Marmaris,https://www.tripadvisor.com/Restaurant_Review-g775303-d3531170-Reviews-Pasha_s_Restaurant-Turunc_Marmaris_District_Mugla_Province_Turkish_Aegean_Coast.html
Marmaris,https://www.tripadvisor.com/Restaurant_Review-g1507463-d10289444-Reviews-Bahia-Selimiye_Marmaris_District_Mugla_Province_Turkish_Aegean_Coast.html
Marmaris,https://www.tripadvisor.com/Restaurant_Review-g298033-d4171527-Reviews-Pop_In-Marmaris_Marmaris_District_Mugla_Province_Turkish_Aegean_Coast.html
Marmaris,https://www.tripadvisor.com/Restaurant_Review-g609056-d1090884-Reviews-Wembley_Restaurant_Bar-Icmeler_Marmaris_District_Mugla_Province_Turkish_Aegean_Co.html
Marmaris,https://www.tripadvisor.com/Restaurant_Review-g298033-d4569239-Reviews-Ricky_s_Chippy-Marmaris_Marmaris_District_Mugla_Province_Turkish_Aegean_Coast.html
Marmaris,https://www.tripadvisor.com/Restaurant_Review-g609056-d4294284-Reviews-Meryem_Turkish_Restaurant-Icmeler_Marmaris_District_Mugla_Province_Turkish_Aegean.html
Marmaris,https://www.tripadvisor.com/Restaurant_Review-g609056-d1577280-Reviews-Tommy_s_Bar-Icmeler_Marmaris_District_Mugla_Province_Turkish_Aegean_Coast.html
Marmaris,https://www.tripadvisor.com/Restaurant_Review-g298033-d1569441-Reviews-Summer_Rain_Restaurant-Marmaris_Marmaris_District_Mugla_Province_Turkish_Aegean_C.html
Marmaris,https://www.tripadvisor.com/Restaurant_Review-g298033-d12536300-Reviews-YalIbasI_Yasemin_Restaurant-Marmaris_Marmaris_District_Mugla_Province_Turkish_Ae.html
Marmaris,https://www.tripadvisor.com/Restaurant_Review-g298033-d2219798-Reviews-Sail_Marmaris-Marmaris_Marmaris_District_Mugla_Province_Turkish_Aegean_Coast.html
Marmaris,https://www.tripadvisor.com/Restaurant_Review-g298033-d1569442-Reviews-Great_Corner_Steak_House-Marmaris_Marmaris_District_Mugla_Province_Turkish_Aegean.html
Marmaris,https://www.tripadvisor.com/Restaurant_Review-g298033-d1853260-Reviews-Oscars-Marmaris_Marmaris_District_Mugla_Province_Turkish_Aegean_Coast.html
Marmaris,https://www.tripadvisor.com/Restaurant_Review-g609056-d1073205-Reviews-Champagne_Steak_House-Icmeler_Marmaris_District_Mugla_Province_Turkish_Aegean_Coa.html
Marmaris,https://www.tripadvisor.com/Restaurant_Review-g298033-d3353737-Reviews-White_Lion-Marmaris_Marmaris_District_Mugla_Province_Turkish_Aegean_Coast.html
Marmaris,https://www.tripadvisor.com/Restaurant_Review-g298033-d1097481-Reviews-Greasy_Spoon_Steak_Bar-Marmaris_Marmaris_District_Mugla_Province_Turkish_Aegean_C.html
Marmaris,https://www.tripadvisor.com/Restaurant_Review-g609056-d4431447-Reviews-Kayra_Pide-Icmeler_Marmaris_District_Mugla_Province_Turkish_Aegean_Coast.html
Marmaris,https://www.tripadvisor.com/Restaurant_Review-g298033-d1881332-Reviews-Samdan_Restaurant-Marmaris_Marmaris_District_Mugla_Province_Turkish_Aegean_Coast.html
Marmaris,https://www.tripadvisor.com/Restaurant_Review-g298033-d12257943-Reviews-Kalimera_Rum_Meyhanesi-Marmaris_Marmaris_District_Mugla_Province_Turkish_Aegean_.html
Marmaris,https://www.tripadvisor.com/Restaurant_Review-g298033-d2197167-Reviews-Summer_Breeze-Marmaris_Marmaris_District_Mugla_Province_Turkish_Aegean_Coast.html
Marmaris,https://www.tripadvisor.com/Restaurant_Review-g609056-d1106184-Reviews-Kerem_Restaurant-Icmeler_Marmaris_District_Mugla_Province_Turkish_Aegean_Coast.html
Marmaris,https://www.tripadvisor.com/Restaurant_Review-g609056-d2235329-Reviews-Rose_s_Cafe_Restaurant-Icmeler_Marmaris_District_Mugla_Province_Turkish_Aegean_Co.html
Marmaris,https://www.tripadvisor.com/Restaurant_Review-g298033-d1881273-Reviews-Sarahs_Restaurnat_and_Fun_Pub-Marmaris_Marmaris_District_Mugla_Province_Turkish_A.html
Marmaris,https://www.tripadvisor.com/Restaurant_Review-g298033-d2518625-Reviews-Kervan_Ocakbasi-Marmaris_Marmaris_District_Mugla_Province_Turkish_Aegean_Coast.html
Marmaris,https://www.tripadvisor.com/Restaurant_Review-g609056-d3468546-Reviews-Rush_Bar_Icmeler-Icmeler_Marmaris_District_Mugla_Province_Turkish_Aegean_Coast.html
Marmaris,https://www.tripadvisor.com/Restaurant_Review-g298033-d1867921-Reviews-No_Name_Bar-Marmaris_Marmaris_District_Mugla_Province_Turkish_Aegean_Coast.html
Marmaris,https://www.tripadvisor.com/Restaurant_Review-g298033-d946678-Reviews-Havana_Restaurant-Marmaris_Marmaris_District_Mugla_Province_Turkish_Aegean_Coast.html
Marmaris,https://www.tripadvisor.com/Restaurant_Review-g13587749-d15199800-Reviews-Pepediz_steakhouse-Hisaronu_Marmaris_District_Mugla_Province_Turkish_Aegean_Co.html
Marmaris,https://www.tripadvisor.com/Restaurant_Review-g298033-d4579251-Reviews-Jimmys_Martinis-Marmaris_Marmaris_District_Mugla_Province_Turkish_Aegean_Coast.html
Marmaris,https://www.tripadvisor.com/Restaurant_Review-g609056-d1798662-Reviews-Amigo_s-Icmeler_Marmaris_District_Mugla_Province_Turkish_Aegean_Coast.html
Marmaris,https://www.tripadvisor.com/Restaurant_Review-g609056-d2709431-Reviews-Ida_Restaurant_and_Bar-Icmeler_Marmaris_District_Mugla_Province_Turkish_Aegean_Co.html
Marmaris,https://www.tripadvisor.com/Restaurant_Review-g298033-d11514841-Reviews-Moon_Restaurant-Marmaris_Marmaris_District_Mugla_Province_Turkish_Aegean_Coast.html
Marmaris,https://www.tripadvisor.com/Restaurant_Review-g775303-d4294791-Reviews-Can_restaurant-Turunc_Marmaris_District_Mugla_Province_Turkish_Aegean_Coast.html
Marmaris,https://www.tripadvisor.com/Restaurant_Review-g775303-d1563906-Reviews-Oba_09_Restaurant-Turunc_Marmaris_District_Mugla_Province_Turkish_Aegean_Coast.html
Marmaris,https://www.tripadvisor.com/Restaurant_Review-g609056-d1895964-Reviews-The_Love_Boat-Icmeler_Marmaris_District_Mugla_Province_Turkish_Aegean_Coast.html
Marmaris,https://www.tripadvisor.com/Restaurant_Review-g298033-d1161781-Reviews-Demir_s_Restaurant-Marmaris_Marmaris_District_Mugla_Province_Turkish_Aegean_Coast.html
Marmaris,https://www.tripadvisor.com/Restaurant_Review-g298033-d12622396-Reviews-The_Ledbury_Steak_House-Marmaris_Marmaris_District_Mugla_Province_Turkish_Aegean.html
Marmaris,https://www.tripadvisor.com/Restaurant_Review-g609056-d1154674-Reviews-Taj_Mahal-Icmeler_Marmaris_District_Mugla_Province_Turkish_Aegean_Coast.html
Marmaris,https://www.tripadvisor.com/Restaurant_Review-g298033-d3217382-Reviews-Viking_Beach-Marmaris_Marmaris_District_Mugla_Province_Turkish_Aegean_Coast.html
Marmaris,https://www.tripadvisor.com/Restaurant_Review-g298033-d4451944-Reviews-Gusta_Bar_Grill-Marmaris_Marmaris_District_Mugla_Province_Turkish_Aegean_Coast.html
Mykonos,https://www.tripadvisor.com/Restaurant_Review-g662620-d15606155-Reviews-Baos_Fine_Dining-Mykonos_Town_Mykonos_Cyclades_South_Aegean.html
Mykonos,https://www.tripadvisor.com/Restaurant_Review-g659660-d12373713-Reviews-Phos_Restaurant-Platys_Gialos_Mykonos_Cyclades_South_Aegean.html
Mykonos,https://www.tripadvisor.com/Restaurant_Review-g662620-d15004544-Reviews-NOA_Greek_Restaurant-Mykonos_Town_Mykonos_Cyclades_South_Aegean.html
Mykonos,https://www.tripadvisor.com/Restaurant_Review-g662620-d14142484-Reviews-Lalala-Mykonos_Town_Mykonos_Cyclades_South_Aegean.html
Mykonos,https://www.tripadvisor.com/Restaurant_Review-g662620-d3167749-Reviews-Karavaki_Restaurant-Mykonos_Town_Mykonos_Cyclades_South_Aegean.html
Mykonos,https://www.tripadvisor.com/Restaurant_Review-g189430-d10529254-Reviews-Lyo_Bar_Restaurant-Mykonos_Cyclades_South_Aegean.html
Mykonos,https://www.tripadvisor.com/Restaurant_Review-g1192001-d10206631-Reviews-Compass-Tourlos_Mykonos_Cyclades_South_Aegean.html
Mykonos,https://www.tripadvisor.com/Restaurant_Review-g805388-d10384303-Reviews-Reeza_Restaurant-Agios_Stefanos_Mykonos_Cyclades_South_Aegean.html
Mykonos,https://www.tripadvisor.com/Restaurant_Review-g662620-d6717267-Reviews-Indian_Palace-Mykonos_Town_Mykonos_Cyclades_South_Aegean.html
Mykonos,https://www.tripadvisor.com/Restaurant_Review-g667488-d10080031-Reviews-To_Apomero-Ornos_Mykonos_Cyclades_South_Aegean.html
Mykonos,https://www.tripadvisor.com/Restaurant_Review-g659660-d1791041-Reviews-Avli_Tou_Thodori-Platys_Gialos_Mykonos_Cyclades_South_Aegean.html
Mykonos,https://www.tripadvisor.com/Restaurant_Review-g189430-d13497681-Reviews-Tokyo_Joe_Mykonos-Mykonos_Cyclades_South_Aegean.html
Mykonos,https://www.tripadvisor.com/Restaurant_Review-g659660-d3323781-Reviews-Yialo_Yialo-Platys_Gialos_Mykonos_Cyclades_South_Aegean.html
Mykonos,https://www.tripadvisor.com/Restaurant_Review-g662620-d3585051-Reviews-D_Angelo_Mykonos-Mykonos_Town_Mykonos_Cyclades_South_Aegean.html
Mykonos,https://www.tripadvisor.com/Restaurant_Review-g667488-d10328307-Reviews-Markos_Falafel-Ornos_Mykonos_Cyclades_South_Aegean.html
Mykonos,https://www.tripadvisor.com/Restaurant_Review-g189430-d10488818-Reviews-Local_Mykonos-Mykonos_Cyclades_South_Aegean.html
Mykonos,https://www.tripadvisor.com/Restaurant_Review-g659660-d8432229-Reviews-Stasi_Diethnes-Platys_Gialos_Mykonos_Cyclades_South_Aegean.html
Mykonos,https://www.tripadvisor.com/Restaurant_Review-g659660-d1473431-Reviews-Blue_Myth_Restaurant-Platys_Gialos_Mykonos_Cyclades_South_Aegean.html
Mykonos,https://www.tripadvisor.com/Restaurant_Review-g662620-d8078852-Reviews-Vegera-Mykonos_Town_Mykonos_Cyclades_South_Aegean.html
Mykonos,https://www.tripadvisor.com/Restaurant_Review-g662620-d2694415-Reviews-M_eating-Mykonos_Town_Mykonos_Cyclades_South_Aegean.html
Mykonos,https://www.tripadvisor.com/Restaurant_Review-g659660-d3443554-Reviews-Nikos_Gallop_Restaurant-Platys_Gialos_Mykonos_Cyclades_South_Aegean.html
Mykonos,https://www.tripadvisor.com/Restaurant_Review-g662620-d6619108-Reviews-Funky_Kitchen-Mykonos_Town_Mykonos_Cyclades_South_Aegean.html
Mykonos,https://www.tripadvisor.com/Restaurant_Review-g667488-d12405305-Reviews-Bowl-Ornos_Mykonos_Cyclades_South_Aegean.html
Mykonos,https://www.tripadvisor.com/Restaurant_Review-g662620-d1165570-Reviews-To_Maereio-Mykonos_Town_Mykonos_Cyclades_South_Aegean.html
Mykonos,https://www.tripadvisor.com/Restaurant_Review-g189430-d10388857-Reviews-Narcissus_Mykonos_Restaurant-Mykonos_Cyclades_South_Aegean.html
Mykonos,https://www.tripadvisor.com/Restaurant_Review-g805388-d4699191-Reviews-Limnios_Tavern-Agios_Stefanos_Mykonos_Cyclades_South_Aegean.html
Mykonos,https://www.tripadvisor.com/Restaurant_Review-g662620-d6641769-Reviews-Kastro_s-Mykonos_Town_Mykonos_Cyclades_South_Aegean.html
Mykonos,https://www.tripadvisor.com/Restaurant_Review-g805488-d3809385-Reviews-Vasilikos_bar_restaurant-Agios_Ioannis_Diakoftis_Mykonos_Cyclades_South_Aegean.html
Mykonos,https://www.tripadvisor.com/Restaurant_Review-g662620-d2248792-Reviews-Sale_e_Pepe-Mykonos_Town_Mykonos_Cyclades_South_Aegean.html
Mykonos,https://www.tripadvisor.com/Restaurant_Review-g189430-d12634689-Reviews-Rustic_Grill-Mykonos_Cyclades_South_Aegean.html
Mykonos,https://www.tripadvisor.com/Restaurant_Review-g662620-d8277565-Reviews-Captain_s-Mykonos_Town_Mykonos_Cyclades_South_Aegean.html
Mykonos,https://www.tripadvisor.com/Restaurant_Review-g189430-d1830265-Reviews-Fokos_Taverna-Mykonos_Cyclades_South_Aegean.html
Mykonos,https://www.tripadvisor.com/Restaurant_Review-g189430-d1504692-Reviews-Kikis_Tavern-Mykonos_Cyclades_South_Aegean.html
Mykonos,https://www.tripadvisor.com/Restaurant_Review-g667488-d1071361-Reviews-Aleka_s_Restaurant-Ornos_Mykonos_Cyclades_South_Aegean.html
Mykonos,https://www.tripadvisor.com/Restaurant_Review-g805488-d1341561-Reviews-Bellissimo_Pizza_Pasta-Agios_Ioannis_Diakoftis_Mykonos_Cyclades_South_Aegean.html
Mykonos,https://www.tripadvisor.com/Restaurant_Review-g662620-d1743970-Reviews-Caesar_s-Mykonos_Town_Mykonos_Cyclades_South_Aegean.html
Mykonos,https://www.tripadvisor.com/Restaurant_Review-g659660-d1901793-Reviews-Anios_Beachfront_Restaurant-Platys_Gialos_Mykonos_Cyclades_South_Aegean.html
Mykonos,https://www.tripadvisor.com/Restaurant_Review-g667488-d1501433-Reviews-Kostantis-Ornos_Mykonos_Cyclades_South_Aegean.html
Mykonos,https://www.tripadvisor.com/Restaurant_Review-g659660-d4697164-Reviews-Thea-Platys_Gialos_Mykonos_Cyclades_South_Aegean.html
Mykonos,https://www.tripadvisor.com/Restaurant_Review-g667488-d6499099-Reviews-Apaggio_Restaurant-Ornos_Mykonos_Cyclades_South_Aegean.html
Mykonos,https://www.tripadvisor.com/Restaurant_Review-g662620-d6691667-Reviews-Pepper_Mykonos-Mykonos_Town_Mykonos_Cyclades_South_Aegean.html
Mykonos,https://www.tripadvisor.com/Restaurant_Review-g662620-d1887830-Reviews-Kalita-Mykonos_Town_Mykonos_Cyclades_South_Aegean.html
Mykonos,https://www.tripadvisor.com/Restaurant_Review-g2296448-d3741456-Reviews-Kalammmakia-Ano_Mera_Mykonos_Cyclades_South_Aegean.html
Mykonos,https://www.tripadvisor.com/Restaurant_Review-g4327604-d4735688-Reviews-Pavilion-Elia_Mykonos_Cyclades_South_Aegean.html
Mykonos,https://www.tripadvisor.com/Restaurant_Review-g662620-d1818735-Reviews-Eva_s_Garden-Mykonos_Town_Mykonos_Cyclades_South_Aegean.html
Mykonos,https://www.tripadvisor.com/Restaurant_Review-g662620-d1572170-Reviews-Katerina_s_Bar-Mykonos_Town_Mykonos_Cyclades_South_Aegean.html
Mykonos,https://www.tripadvisor.com/Restaurant_Review-g662620-d2251997-Reviews-Nautilus-Mykonos_Town_Mykonos_Cyclades_South_Aegean.html
Mykonos,https://www.tripadvisor.com/Restaurant_Review-g189430-d2281032-Reviews-Andreas_Maria-Mykonos_Cyclades_South_Aegean.html
Mykonos,https://www.tripadvisor.com/Restaurant_Review-g662620-d2177746-Reviews-Kazarma-Mykonos_Town_Mykonos_Cyclades_South_Aegean.html
Mykonos,https://www.tripadvisor.com/Restaurant_Review-g659660-d2277061-Reviews-Bonatsa-Platys_Gialos_Mykonos_Cyclades_South_Aegean.html
Mykonos,https://www.tripadvisor.com/Restaurant_Review-g6581364-d4813583-Reviews-Jackie_O_Mykonos-Plintri_Mykonos_Cyclades_South_Aegean.html
Mykonos,https://www.tripadvisor.com/Restaurant_Review-g662620-d1189597-Reviews-Joanna_s_Nikos_Place-Mykonos_Town_Mykonos_Cyclades_South_Aegean.html
Mykonos,https://www.tripadvisor.com/Restaurant_Review-g1574654-d2194879-Reviews-Petrino_Aquarius-Kalafatis_Mykonos_Cyclades_South_Aegean.html
Mykonos,https://www.tripadvisor.com/Restaurant_Review-g1888178-d4314749-Reviews-Kalosta-Panormos_Mykonos_Cyclades_South_Aegean.html
Mykonos,https://www.tripadvisor.com/Restaurant_Review-g3344059-d2313830-Reviews-Tasos_Taverna-Paraga_Mykonos_Cyclades_South_Aegean.html
Mykonos,https://www.tripadvisor.com/Restaurant_Review-g2296448-d8336936-Reviews-Paprika-Ano_Mera_Mykonos_Cyclades_South_Aegean.html
Mykonos,https://www.tripadvisor.com/Restaurant_Review-g3344059-d2277068-Reviews-Nikolas_Taverna-Paraga_Mykonos_Cyclades_South_Aegean.html
Mykonos,https://www.tripadvisor.com/Restaurant_Review-g662620-d2251385-Reviews-Alegro_Restaurant-Mykonos_Town_Mykonos_Cyclades_South_Aegean.html
Mykonos,https://www.tripadvisor.com/Restaurant_Review-g662620-d4215644-Reviews-Roca_Cookery_Restaurant_Mykonos-Mykonos_Town_Mykonos_Cyclades_South_Aegean.html
Mykonos,https://www.tripadvisor.com/Restaurant_Review-g662620-d3330113-Reviews-Raya_Restaurant-Mykonos_Town_Mykonos_Cyclades_South_Aegean.html
Santorini,https://www.tripadvisor.com/Restaurant_Review-g482942-d21302387-Reviews-Katsaboo_Restaurant-Fira_Santorini_Cyclades_South_Aegean.html
Santorini,https://www.tripadvisor.com/Restaurant_Review-g635864-d10723230-Reviews-Le_Ciel_Restaurant-Imerovigli_Santorini_Cyclades_South_Aegean.html
Santorini,https://www.tripadvisor.com/Restaurant_Review-g658914-d21168189-Reviews-Ariale_Restaurant-Kamari_Santorini_Cyclades_South_Aegean.html
Santorini,https://www.tripadvisor.com/Restaurant_Review-g189433-d12498845-Reviews-Lombranos-Santorini_Cyclades_South_Aegean.html
Santorini,https://www.tripadvisor.com/Restaurant_Review-g658914-d4260331-Reviews-Il_Forno_Pizza_and_Pasta-Kamari_Santorini_Cyclades_South_Aegean.html
Santorini,https://www.tripadvisor.com/Restaurant_Review-g644212-d7940038-Reviews-Jaipur_Palace_Santorini-Karteradhos_Santorini_Cyclades_South_Aegean.html
Santorini,https://www.tripadvisor.com/Restaurant_Review-g6618787-d6703522-Reviews-Aidani-Vourvoulos_Santorini_Cyclades_South_Aegean.html
Santorini,https://www.tripadvisor.com/Restaurant_Review-g658914-d10304509-Reviews-Santo_Athiri_Restaurant-Kamari_Santorini_Cyclades_South_Aegean.html
Santorini,https://www.tripadvisor.com/Restaurant_Review-g658914-d17425829-Reviews-Gia_Mas-Kamari_Santorini_Cyclades_South_Aegean.html
Santorini,https://www.tripadvisor.com/Restaurant_Review-g482942-d10119312-Reviews-Falafeland-Fira_Santorini_Cyclades_South_Aegean.html
Santorini,https://www.tripadvisor.com/Restaurant_Review-g635864-d10374903-Reviews-Fly_Away_Creative_Restaurant_Bar_Powered_by_West_East_Suites-Imerovigli_Santorin.html
Santorini,https://www.tripadvisor.com/Restaurant_Review-g189433-d20371786-Reviews-Kaliya_Reimagined_Food_Drinks-Santorini_Cyclades_South_Aegean.html
Santorini,https://www.tripadvisor.com/Restaurant_Review-g1189834-d17519153-Reviews-Misteli_Restaurant-Akrotiri_Santorini_Cyclades_South_Aegean.html
Santorini,https://www.tripadvisor.com/Restaurant_Review-g8043198-d6796058-Reviews-Aroma_Avlis_Food_Wine-Exo_Gonia_Fira_Santorini_Cyclades_South_Aegean.html
Santorini,https://www.tripadvisor.com/Restaurant_Review-g12225501-d4497271-Reviews-Terra_Nera-Agios_Georgios_Perivolos_Santorini_Cyclades_South_Aegean.html
Santorini,https://www.tripadvisor.com/Restaurant_Review-g635864-d11699619-Reviews-The_Wine_Bar-Imerovigli_Santorini_Cyclades_South_Aegean.html
Santorini,https://www.tripadvisor.com/Restaurant_Review-g657830-d2205543-Reviews-Margarita-Perivolos_Santorini_Cyclades_South_Aegean.html
Santorini,https://www.tripadvisor.com/Restaurant_Review-g482942-d11704841-Reviews-MeRaki-Fira_Santorini_Cyclades_South_Aegean.html
Santorini,https://www.tripadvisor.com/Restaurant_Review-g657830-d14796293-Reviews-Sea_View_Restaurant_Perivolos-Perivolos_Santorini_Cyclades_South_Aegean.html
Santorini,https://www.tripadvisor.com/Restaurant_Review-g658914-d8642279-Reviews-JuiceMe-Kamari_Santorini_Cyclades_South_Aegean.html
Santorini,https://www.tripadvisor.com/Restaurant_Review-g635608-d3583393-Reviews-Corner_food_and_drinks-Perissa_Santorini_Cyclades_South_Aegean.html
Santorini,https://www.tripadvisor.com/Restaurant_Review-g658914-d8764004-Reviews-Juicy_Burger-Kamari_Santorini_Cyclades_South_Aegean.html
Santorini,https://www.tripadvisor.com/Restaurant_Review-g482941-d8336680-Reviews-Armeni_Restaurant-Oia_Santorini_Cyclades_South_Aegean.html
Santorini,https://www.tripadvisor.com/Restaurant_Review-g1097549-d14004479-Reviews-Agaze_Bistro_Restaurant_Bottega-Pyrgos_Santorini_Cyclades_South_Aegean.html
Santorini,https://www.tripadvisor.com/Restaurant_Review-g658914-d1181283-Reviews-Almira_Restaurant-Kamari_Santorini_Cyclades_South_Aegean.html
Santorini,https://www.tripadvisor.com/Restaurant_Review-g635864-d3264686-Reviews-Kapari_Wine_Restaurant-Imerovigli_Santorini_Cyclades_South_Aegean.html
Santorini,https://www.tripadvisor.com/Restaurant_Review-g1097549-d14931096-Reviews-Anemos_restaurant-Pyrgos_Santorini_Cyclades_South_Aegean.html
Santorini,https://www.tripadvisor.com/Restaurant_Review-g10521928-d12499203-Reviews-Lefkes-Finikia_Santorini_Cyclades_South_Aegean.html
Santorini,https://www.tripadvisor.com/Restaurant_Review-g1188919-d7002963-Reviews-Meroula_Restaurant-Vlychada_Santorini_Cyclades_South_Aegean.html
Santorini,https://www.tripadvisor.com/Restaurant_Review-g658914-d10443351-Reviews-Vinsanto-Kamari_Santorini_Cyclades_South_Aegean.html
Santorini,https://www.tripadvisor.com/Restaurant_Review-g1189834-d6648800-Reviews-Caldera_Romantica_Restaurant-Akrotiri_Santorini_Cyclades_South_Aegean.html
Santorini,https://www.tripadvisor.com/Restaurant_Review-g1189834-d12550855-Reviews-Akrothiri_eat_drink_heal_bistro-Akrotiri_Santorini_Cyclades_South_Aegean.html
Santorini,https://www.tripadvisor.com/Restaurant_Review-g658914-d13944716-Reviews-Fistikies-Kamari_Santorini_Cyclades_South_Aegean.html
Santorini,https://www.tripadvisor.com/Restaurant_Review-g635608-d1592362-Reviews-Ntomatini-Perissa_Santorini_Cyclades_South_Aegean.html
Santorini,https://www.tripadvisor.com/Restaurant_Review-g1189834-d12118552-Reviews-Alali_Restaurant-Akrotiri_Santorini_Cyclades_South_Aegean.html
Santorini,https://www.tripadvisor.com/Restaurant_Review-g482942-d2056888-Reviews-Salt_Pepper-Fira_Santorini_Cyclades_South_Aegean.html
Santorini,https://www.tripadvisor.com/Restaurant_Review-g8043198-d4438055-Reviews-Anemoloos-Exo_Gonia_Fira_Santorini_Cyclades_South_Aegean.html
Santorini,https://www.tripadvisor.com/Restaurant_Review-g482941-d6691018-Reviews-PitoGyros_Traditional_Grill_House-Oia_Santorini_Cyclades_South_Aegean.html
Santorini,https://www.tripadvisor.com/Restaurant_Review-g658914-d10632807-Reviews-Elias_Grill-Kamari_Santorini_Cyclades_South_Aegean.html
Santorini,https://www.tripadvisor.com/Restaurant_Review-g658914-d14797238-Reviews-Balsamico-Kamari_Santorini_Cyclades_South_Aegean.html
Santorini,https://www.tripadvisor.com/Restaurant_Review-g482941-d6593907-Reviews-Paradox_Thai_Food_Bar-Oia_Santorini_Cyclades_South_Aegean.html
Santorini,https://www.tripadvisor.com/Restaurant_Review-g482941-d6467764-Reviews-Melitini-Oia_Santorini_Cyclades_South_Aegean.html
Santorini,https://www.tripadvisor.com/Restaurant_Review-g635607-d4358400-Reviews-Taverna_Romantica-Firostefani_Santorini_Cyclades_South_Aegean.html
Santorini,https://www.tripadvisor.com/Restaurant_Review-g658914-d4570287-Reviews-Captain_s_Corner_Taverna-Kamari_Santorini_Cyclades_South_Aegean.html
Santorini,https://www.tripadvisor.com/Restaurant_Review-g8043198-d1939380-Reviews-Metaxy_Mas-Exo_Gonia_Fira_Santorini_Cyclades_South_Aegean.html
Santorini,https://www.tripadvisor.com/Restaurant_Review-g482941-d6896798-Reviews-Fino_Cocktail_Bar_Restaurant-Oia_Santorini_Cyclades_South_Aegean.html
Santorini,https://www.tripadvisor.com/Restaurant_Review-g482942-d12347611-Reviews-La_Colline_Restaurant-Fira_Santorini_Cyclades_South_Aegean.html
Santorini,https://www.tripadvisor.com/Restaurant_Review-g635864-d12587865-Reviews-Throubi_Restaurant-Imerovigli_Santorini_Cyclades_South_Aegean.html
Santorini,https://www.tripadvisor.com/Restaurant_Review-g482941-d1907116-Reviews-Katharos_Lounge_Vegan_Meze_Bar-Oia_Santorini_Cyclades_South_Aegean.html
Santorini,https://www.tripadvisor.com/Restaurant_Review-g482941-d1528420-Reviews-Karma_Greek_Restaurant-Oia_Santorini_Cyclades_South_Aegean.html
Santorini,https://www.tripadvisor.com/Restaurant_Review-g482942-d1535504-Reviews-Parea_Tavern-Fira_Santorini_Cyclades_South_Aegean.html
Santorini,https://www.tripadvisor.com/Restaurant_Review-g482942-d12419295-Reviews-Taqueria_Los_Tres_Amigos-Fira_Santorini_Cyclades_South_Aegean.html
Santorini,https://www.tripadvisor.com/Restaurant_Review-g635607-d14072615-Reviews-No_Name_Restaurant_Santorini-Firostefani_Santorini_Cyclades_South_Aegean.html
Santorini,https://www.tripadvisor.com/Restaurant_Review-g1189834-d1815453-Reviews-Taverna_Glaros-Akrotiri_Santorini_Cyclades_South_Aegean.html
Santorini,https://www.tripadvisor.com/Restaurant_Review-g658914-d12612285-Reviews-Amelia_Tavern-Kamari_Santorini_Cyclades_South_Aegean.html
Santorini,https://www.tripadvisor.com/Restaurant_Review-g658914-d4226564-Reviews-Koutouki_The_Rakomelo-Kamari_Santorini_Cyclades_South_Aegean.html
Santorini,https://www.tripadvisor.com/Restaurant_Review-g658914-d1912564-Reviews-Taverna_Danas-Kamari_Santorini_Cyclades_South_Aegean.html
Santorini,https://www.tripadvisor.com/Restaurant_Review-g635864-d17388651-Reviews-Vigla_Restaurant_Cafe-Imerovigli_Santorini_Cyclades_South_Aegean.html
Santorini,https://www.tripadvisor.com/Restaurant_Review-g482942-d6539644-Reviews-Convivium-Fira_Santorini_Cyclades_South_Aegean.html
Santorini,https://www.tripadvisor.com/Restaurant_Review-g482942-d3539020-Reviews-Iriana_Cafe_lounge_bar-Fira_Santorini_Cyclades_South_Aegean.html
Ibiza,https://www.tripadvisor.com/Restaurant_Review-g652116-d14168296-Reviews-Tropi_Trance_Ibiza_Bar-Sant_Antoni_de_Portmany_Ibiza_Balearic_Islands.html
Ibiza,https://www.tripadvisor.com/Restaurant_Review-g652116-d17430662-Reviews-Street_Ibiza-Sant_Antoni_de_Portmany_Ibiza_Balearic_Islands.html
Ibiza,https://www.tripadvisor.com/Restaurant_Review-g642208-d12357661-Reviews-Marytierra-Santa_Eulalia_del_Rio_Ibiza_Balearic_Islands.html
Ibiza,https://www.tripadvisor.com/Restaurant_Review-g652116-d14993977-Reviews-Yenuina_Laboratorio_de_Pasta-Sant_Antoni_de_Portmany_Ibiza_Balearic_Islands.html
Ibiza,https://www.tripadvisor.com/Restaurant_Review-g187460-d17692148-Reviews-Junglebowls-Ibiza_Balearic_Islands.html
Ibiza,https://www.tripadvisor.com/Restaurant_Review-g187460-d12014598-Reviews-La_Fraschetta_Romana-Ibiza_Balearic_Islands.html
Ibiza,https://www.tripadvisor.com/Restaurant_Review-g652116-d8131599-Reviews-El_Bistro_de_Stephan_San_Antonio_Ibiza-Sant_Antoni_de_Portmany_Ibiza_Balearic_Isl.html
Ibiza,https://www.tripadvisor.com/Restaurant_Review-g664638-d12657451-Reviews-El_Local-Ibiza_Town_Ibiza_Balearic_Islands.html
Ibiza,https://www.tripadvisor.com/Restaurant_Review-g652116-d10319836-Reviews-Sushimi-Sant_Antoni_de_Portmany_Ibiza_Balearic_Islands.html
Ibiza,https://www.tripadvisor.com/Restaurant_Review-g642208-d1001383-Reviews-Restaurante_Sa_Finca-Santa_Eulalia_del_Rio_Ibiza_Balearic_Islands.html
Ibiza,https://www.tripadvisor.com/Restaurant_Review-g2619782-d12500669-Reviews-The_Boat_House-Sant_Vicent_de_sa_Cala_Ibiza_Balearic_Islands.html
Ibiza,https://www.tripadvisor.com/Restaurant_Review-g187460-d7986956-Reviews-Loveat_Ibiza-Ibiza_Balearic_Islands.html
Ibiza,https://www.tripadvisor.com/Restaurant_Review-g652116-d3325647-Reviews-Tapas_Restaurant_Garden_Bar-Sant_Antoni_de_Portmany_Ibiza_Balearic_Islands.html
Ibiza,https://www.tripadvisor.com/Restaurant_Review-g659635-d14024832-Reviews-Ohana_Ibiza-Playa_d_en_Bossa_Ibiza_Balearic_Islands.html
Ibiza,https://www.tripadvisor.com/Restaurant_Review-g187460-d13237471-Reviews-Ajo_Blanco_Vermuteria_Ibiza-Ibiza_Balearic_Islands.html
Ibiza,https://www.tripadvisor.com/Restaurant_Review-g1189099-d6692321-Reviews-FEEL_IBIZA_Restaurant-Platja_d_Es_Figueral_Ibiza_Balearic_Islands.html
Ibiza,https://www.tripadvisor.com/Restaurant_Review-g187460-d8595011-Reviews-ASSAPORAMI-Ibiza_Balearic_Islands.html
Ibiza,https://www.tripadvisor.com/Restaurant_Review-g3845713-d8659310-Reviews-EF_Gi_Restaurant-Nuestra_Senora_de_Jesus_Ibiza_Balearic_Islands.html
Ibiza,https://www.tripadvisor.com/Restaurant_Review-g1028034-d13947726-Reviews-Shamarkanda-Sant_Joan_de_Labritja_Ibiza_Balearic_Islands.html
Ibiza,https://www.tripadvisor.com/Restaurant_Review-g642208-d6487081-Reviews-Caos_Ibiza-Santa_Eulalia_del_Rio_Ibiza_Balearic_Islands.html
Ibiza,https://www.tripadvisor.com/Restaurant_Review-g664638-d8537496-Reviews-Mariner_Ibiza-Ibiza_Town_Ibiza_Balearic_Islands.html
Ibiza,https://www.tripadvisor.com/Restaurant_Review-g642208-d7077584-Reviews-San_Martino-Santa_Eulalia_del_Rio_Ibiza_Balearic_Islands.html
Ibiza,https://www.tripadvisor.com/Restaurant_Review-g659635-d10259139-Reviews-Rona_s_Deli-Playa_d_en_Bossa_Ibiza_Balearic_Islands.html
Ibiza,https://www.tripadvisor.com/Restaurant_Review-g664638-d13531019-Reviews-Can_Jesper-Ibiza_Town_Ibiza_Balearic_Islands.html
Ibiza,https://www.tripadvisor.com/Restaurant_Review-g187460-d10288879-Reviews-Beccafico_Kitchen_Bar-Ibiza_Balearic_Islands.html
Ibiza,https://www.tripadvisor.com/Restaurant_Review-g673348-d3325671-Reviews-Restaurante_Sa_Soca-Sant_Josep_de_Sa_Talaia_Ibiza_Balearic_Islands.html
Ibiza,https://www.tripadvisor.com/Restaurant_Review-g642208-d6686938-Reviews-Es_Terral-Santa_Eulalia_del_Rio_Ibiza_Balearic_Islands.html
Ibiza,https://www.tripadvisor.com/Restaurant_Review-g673348-d13832246-Reviews-Ca_n_Esmeralda-Sant_Josep_de_Sa_Talaia_Ibiza_Balearic_Islands.html
Ibiza,https://www.tripadvisor.com/Restaurant_Review-g664638-d8003626-Reviews-Sa_Cova-Ibiza_Town_Ibiza_Balearic_Islands.html
Ibiza,https://www.tripadvisor.com/Restaurant_Review-g659635-d13848286-Reviews-La_Cabana_Ibiza_Restaurant-Playa_d_en_Bossa_Ibiza_Balearic_Islands.html
Ibiza,https://www.tripadvisor.com/Restaurant_Review-g652116-d10446195-Reviews-Es_Tragon-Sant_Antoni_de_Portmany_Ibiza_Balearic_Islands.html
Ibiza,https://www.tripadvisor.com/Restaurant_Review-g642208-d10374068-Reviews-BlueFish-Santa_Eulalia_del_Rio_Ibiza_Balearic_Islands.html
Ibiza,https://www.tripadvisor.com/Restaurant_Review-g673348-d2315985-Reviews-Relish_Restaurant_Pool_Bar-Sant_Josep_de_Sa_Talaia_Ibiza_Balearic_Islands.html
Ibiza,https://www.tripadvisor.com/Restaurant_Review-g664638-d7045116-Reviews-Can_Gourmet-Ibiza_Town_Ibiza_Balearic_Islands.html
Ibiza,https://www.tripadvisor.com/Restaurant_Review-g664638-d10393218-Reviews-El_Passadis_Ibiza-Ibiza_Town_Ibiza_Balearic_Islands.html
Ibiza,https://www.tripadvisor.com/Restaurant_Review-g652116-d7917207-Reviews-Restaurante_Manila-Sant_Antoni_de_Portmany_Ibiza_Balearic_Islands.html
Ibiza,https://www.tripadvisor.com/Restaurant_Review-g734440-d2031951-Reviews-Restaurante_Rasca_Lobos-Sant_Jordi_Ibiza_Balearic_Islands.html
Ibiza,https://www.tripadvisor.com/Restaurant_Review-g664638-d20286996-Reviews-Mitch_s_Bar_Ibiza-Ibiza_Town_Ibiza_Balearic_Islands.html
Ibiza,https://www.tripadvisor.com/Restaurant_Review-g652116-d17508661-Reviews-La_Cita_ibiza-Sant_Antoni_de_Portmany_Ibiza_Balearic_Islands.html
Ibiza,https://www.tripadvisor.com/Restaurant_Review-g673348-d20386562-Reviews-La_Mesa_Escondida-Sant_Josep_de_Sa_Talaia_Ibiza_Balearic_Islands.html
Ibiza,https://www.tripadvisor.com/Restaurant_Review-g664638-d1875801-Reviews-Soleado-Ibiza_Town_Ibiza_Balearic_Islands.html
Ibiza,https://www.tripadvisor.com/Restaurant_Review-g187460-d4340116-Reviews-On_the_beach-Ibiza_Balearic_Islands.html
Ibiza,https://www.tripadvisor.com/Restaurant_Review-g664638-d6940950-Reviews-Bottega_Panevino_By_Osteria_la_taverna-Ibiza_Town_Ibiza_Balearic_Islands.html
Ibiza,https://www.tripadvisor.com/Restaurant_Review-g664638-d14183511-Reviews-Bebel-Ibiza_Town_Ibiza_Balearic_Islands.html
Ibiza,https://www.tripadvisor.com/Restaurant_Review-g672815-d6701607-Reviews-Can_Nuts-Cala_Llonga_Ibiza_Balearic_Islands.html
Ibiza,https://www.tripadvisor.com/Restaurant_Review-g652116-d16884574-Reviews-Es_Gerret-Sant_Antoni_de_Portmany_Ibiza_Balearic_Islands.html
Ibiza,https://www.tripadvisor.com/Restaurant_Review-g667128-d17654274-Reviews-Rebrots-Portinatx_Sant_Joan_de_Labritja_Ibiza_Balearic_Islands.html
Ibiza,https://www.tripadvisor.com/Restaurant_Review-g187460-d3461249-Reviews-Bar_Llumbi-Ibiza_Balearic_Islands.html
Ibiza,https://www.tripadvisor.com/Restaurant_Review-g652116-d11916351-Reviews-Ausonia_Pizza_Bar-Sant_Antoni_de_Portmany_Ibiza_Balearic_Islands.html
Ibiza,https://www.tripadvisor.com/Restaurant_Review-g642208-d1636509-Reviews-O_Galego-Santa_Eulalia_del_Rio_Ibiza_Balearic_Islands.html
Ibiza,https://www.tripadvisor.com/Restaurant_Review-g642208-d10298741-Reviews-Punta_Carretas_Ibiza_Ranch_Bar-Santa_Eulalia_del_Rio_Ibiza_Balearic_Islands.html
Ibiza,https://www.tripadvisor.com/Restaurant_Review-g673348-d2312198-Reviews-Restaurante_Pyrenees-Sant_Josep_de_Sa_Talaia_Ibiza_Balearic_Islands.html
Ibiza,https://www.tripadvisor.com/Restaurant_Review-g642208-d8381269-Reviews-Bistro_51-Santa_Eulalia_del_Rio_Ibiza_Balearic_Islands.html
Ibiza,https://www.tripadvisor.com/Restaurant_Review-g659635-d12369412-Reviews-Anima_Ibiza-Playa_d_en_Bossa_Ibiza_Balearic_Islands.html
Ibiza,https://www.tripadvisor.com/Restaurant_Review-g652116-d985287-Reviews-Es_Rebost_de_Can_Prats-Sant_Antoni_de_Portmany_Ibiza_Balearic_Islands.html
Ibiza,https://www.tripadvisor.com/Restaurant_Review-g664638-d16870401-Reviews-Ca_la_Nina-Ibiza_Town_Ibiza_Balearic_Islands.html
Ibiza,https://www.tripadvisor.com/Restaurant_Review-g672815-d1510042-Reviews-Casapiedra_Ibiza-Cala_Llonga_Ibiza_Balearic_Islands.html
Ibiza,https://www.tripadvisor.com/Restaurant_Review-g642208-d1144524-Reviews-Seventeen_Restaurante-Santa_Eulalia_del_Rio_Ibiza_Balearic_Islands.html
Ibiza,https://www.tripadvisor.com/Restaurant_Review-g664650-d1818360-Reviews-Solimar_Restaurant_Cafe-Es_Canar_Santa_Eulalia_del_Rio_Ibiza_Balearic_Islands.html
Ibiza,https://www.tripadvisor.com/Restaurant_Review-g664638-d14151439-Reviews-La_Cantinella_Ibiza-Ibiza_Town_Ibiza_Balearic_Islands.html
Monaco,https://www.tripadvisor.com/Restaurant_Review-g190408-d2177702-Reviews-La_Montgolfiere_Henri_Geraci-Monaco_Ville.html
Monaco,https://www.tripadvisor.com/Restaurant_Review-g190409-d983047-Reviews-Blue_Bay-Monte_Carlo.html
Monaco,https://www.tripadvisor.com/Restaurant_Review-g190409-d948398-Reviews-THE_METROPOLE_MONTE_CARLO_RESTAURANT-Monte_Carlo.html
Monaco,https://www.tripadvisor.com/Restaurant_Review-g190409-d691518-Reviews-Le_Louis_XV_Alain_Ducasse_a_l_Hotel_de_Paris-Monte_Carlo.html
Monaco,https://www.tripadvisor.com/Restaurant_Review-g190408-d5039132-Reviews-Le_Petit_Bar-Monaco_Ville.html
Monaco,https://www.tripadvisor.com/Restaurant_Review-g190409-d14052460-Reviews-Caffe_Milano-Monte_Carlo.html
Monaco,https://www.tripadvisor.com/Restaurant_Review-g190409-d2400321-Reviews-Restaurant_Yoshi-Monte_Carlo.html
Monaco,https://www.tripadvisor.com/Restaurant_Review-g190408-d6981728-Reviews-Les_Perles_de_Monte_Carlo-Monaco_Ville.html
Monaco,https://www.tripadvisor.com/Restaurant_Review-g190408-d4935263-Reviews-V_I_P_Very_Italian_Pizza-Monaco_Ville.html
Monaco,https://www.tripadvisor.com/Restaurant_Review-g190406-d4271434-Reviews-Graziella-Fontvieille.html
Monaco,https://www.tripadvisor.com/Restaurant_Review-g190409-d12544311-Reviews-Le_Grill-Monte_Carlo.html
Monaco,https://www.tripadvisor.com/Restaurant_Review-g190409-d1579959-Reviews-Il_Terrazzino-Monte_Carlo.html
Monaco,https://www.tripadvisor.com/Restaurant_Review-g190409-d1872061-Reviews-Yannick_Alleno_a_l_Hotel_Hermitage-Monte_Carlo.html
Monaco,https://www.tripadvisor.com/Restaurant_Review-g190408-d1632761-Reviews-La_Tavernetta-Monaco_Ville.html
Monaco,https://www.tripadvisor.com/Restaurant_Review-g190409-d1052111-Reviews-Avenue_31-Monte_Carlo.html
Monaco,https://www.tripadvisor.com/Restaurant_Review-g190409-d2365045-Reviews-Horizon_Rooftop-Monte_Carlo.html
Monaco,https://www.tripadvisor.com/Restaurant_Review-g190408-d2373172-Reviews-Polpetta-Monaco_Ville.html
Monaco,https://www.tripadvisor.com/Restaurant_Review-g190409-d795609-Reviews-Maya_Bay-Monte_Carlo.html
Monaco,https://www.tripadvisor.com/Restaurant_Review-g190408-d8286804-Reviews-Maison_des_Pates_Monaco-Monaco_Ville.html
Monaco,https://www.tripadvisor.com/Restaurant_Review-g190409-d1960596-Reviews-Buddha_Bar-Monte_Carlo.html
Monaco,https://www.tripadvisor.com/Restaurant_Review-g190407-d2264078-Reviews-L_Atelier_du_Glacier-La_Condamine.html
Monaco,https://www.tripadvisor.com/Restaurant_Review-g190408-d1192268-Reviews-L_Express-Monaco_Ville.html
Monaco,https://www.tripadvisor.com/Restaurant_Review-g190409-d1532192-Reviews-La_Note_Bleue-Monte_Carlo.html
Monaco,https://www.tripadvisor.com/Restaurant_Review-g190407-d953070-Reviews-Huit_et_Demi-La_Condamine.html
Monaco,https://www.tripadvisor.com/Restaurant_Review-g190406-d793571-Reviews-Beefbar_Monaco-Fontvieille.html
Monaco,https://www.tripadvisor.com/Restaurant_Review-g190407-d887189-Reviews-Quai_des_Artistes-La_Condamine.html
Monaco,https://www.tripadvisor.com/Restaurant_Review-g190409-d4428496-Reviews-Nobu_Fairmont_Monte_Carlo-Monte_Carlo.html
Monaco,https://www.tripadvisor.com/Restaurant_Review-g190409-d6637441-Reviews-Il_Giardino-Monte_Carlo.html
Monaco,https://www.tripadvisor.com/Restaurant_Review-g190406-d2530939-Reviews-Amici_Miei-Fontvieille.html
Monaco,https://www.tripadvisor.com/Restaurant_Review-g190408-d1739986-Reviews-Pasta_Roca-Monaco_Ville.html
Monaco,https://www.tripadvisor.com/Restaurant_Review-g190409-d3203231-Reviews-Cipriani_Monte_Carlo-Monte_Carlo.html
Monaco,https://www.tripadvisor.com/Restaurant_Review-g190409-d1226443-Reviews-La_Maison_du_Caviar-Monte_Carlo.html
Monaco,https://www.tripadvisor.com/Restaurant_Review-g190408-d2394521-Reviews-U_Cavagnetu-Monaco_Ville.html
Monaco,https://www.tripadvisor.com/Restaurant_Review-g190408-d8525496-Reviews-Arrow_Burger_Monaco-Monaco_Ville.html
Monaco,https://www.tripadvisor.com/Restaurant_Review-g190409-d779005-Reviews-Pulcinella-Monte_Carlo.html
Monaco,https://www.tripadvisor.com/Restaurant_Review-g190409-d6868858-Reviews-Song_Qi-Monte_Carlo.html
Monaco,https://www.tripadvisor.com/Restaurant_Review-g190408-d2630121-Reviews-Chez_Edgar-Monaco_Ville.html
Monaco,https://www.tripadvisor.com/Restaurant_Review-g190407-d4114694-Reviews-Bella_Vita-La_Condamine.html
Monaco,https://www.tripadvisor.com/Restaurant_Review-g190409-d1868340-Reviews-Saphir_24_Restaurant_Bar-Monte_Carlo.html
Monaco,https://www.tripadvisor.com/Restaurant_Review-g190409-d9681417-Reviews-Hotel_Hermitage-Monte_Carlo.html
Monaco,https://www.tripadvisor.com/Restaurant_Review-g190406-d789566-Reviews-La_Saliere-Fontvieille.html
Monaco,https://www.tripadvisor.com/Restaurant_Review-g190409-d1904308-Reviews-Restaurant_La_Piazza-Monte_Carlo.html
Monaco,https://www.tripadvisor.com/Restaurant_Review-g190409-d4338889-Reviews-Gerhard_s_Cafe-Monte_Carlo.html
Monaco,https://www.tripadvisor.com/Restaurant_Review-g190409-d14072875-Reviews-COYA_Monte_Carlo-Monte_Carlo.html
Monaco,https://www.tripadvisor.com/Restaurant_Review-g190409-d1724928-Reviews-Mozza-Monte_Carlo.html
Monaco,https://www.tripadvisor.com/Restaurant_Review-g190408-d1178052-Reviews-L_Aurore-Monaco_Ville.html
Monaco,https://www.tripadvisor.com/Restaurant_Review-g190409-d2447278-Reviews-L_Hirondelle-Monte_Carlo.html
Monaco,https://www.tripadvisor.com/Restaurant_Review-g190407-d1154336-Reviews-BRASSERIE_DE_MONACO-La_Condamine.html
Monaco,https://www.tripadvisor.com/Restaurant_Review-g190409-d4744246-Reviews-Salle_Empire-Monte_Carlo.html
Monaco,https://www.tripadvisor.com/Restaurant_Review-g190409-d12921216-Reviews-Maya_Jah-Monte_Carlo.html
Monaco,https://www.tripadvisor.com/Restaurant_Review-g190408-d4101823-Reviews-Le_Comptoir-Monaco_Ville.html
Monaco,https://www.tripadvisor.com/Restaurant_Review-g190408-d1830728-Reviews-Fredy_s_International-Monaco_Ville.html
Monaco,https://www.tripadvisor.com/Restaurant_Review-g190408-d800708-Reviews-Restaurant_L_Estragon-Monaco_Ville.html
Monaco,https://www.tripadvisor.com/Restaurant_Review-g190408-d1626744-Reviews-L_Escale-Monaco_Ville.html
Monaco,https://www.tripadvisor.com/Restaurant_Review-g190409-d1441144-Reviews-Rampoldi-Monte_Carlo.html
Monaco,https://www.tripadvisor.com/Restaurant_Review-g190408-d12540241-Reviews-Sexy_Tacos-Monaco_Ville.html
Monaco,https://www.tripadvisor.com/Restaurant_Review-g190407-d806804-Reviews-Planet_Pasta-La_Condamine.html
Monaco,https://www.tripadvisor.com/Restaurant_Review-g190409-d711143-Reviews-Stars_N_Bars-Monte_Carlo.html
Monaco,https://www.tripadvisor.com/Restaurant_Review-g190409-d3628038-Reviews-Truffle_Bistrot_San_Maurizio_1619-Monte_Carlo.html
Monaco,https://www.tripadvisor.com/Restaurant_Review-g190407-d8376979-Reviews-MC_by_Kodera-La_Condamine.html
French,https://www.tripadvisor.com/Restaurant_Review-g187234-d21080922-Reviews-Tipsy_Bar-Nice_French_Riviera_Cote_d_Azur_Provence_Alpes_Cote_d_Azur.html
French,https://www.tripadvisor.com/Restaurant_Review-g187221-d19859642-Reviews-Cafe_Brun-Cannes_French_Riviera_Cote_d_Azur_Provence_Alpes_Cote_d_Azur.html
French,https://www.tripadvisor.com/Restaurant_Review-g635839-d21054587-Reviews-Truck_r_1957-Saint_Aygulf_French_Riviera_Cote_d_Azur_Provence_Alpes_Cote_d_Azur.html
French,https://www.tripadvisor.com/Restaurant_Review-g187239-d21057918-Reviews-Le_Brooklyn-Sainte_Maxime_French_Riviera_Cote_d_Azur_Provence_Alpes_Cote_d_Azur.html
French,https://www.tripadvisor.com/Restaurant_Review-g187217-d19096285-Reviews-Piadineria_Bocca_Antibes-Antibes_French_Riviera_Cote_d_Azur_Provence_Alpes_Cote_.html
French,https://www.tripadvisor.com/Restaurant_Review-g187238-d20156643-Reviews-Le_Farci_en_Bouche-St_Laurent_du_Var_French_Riviera_Cote_d_Azur_Provence_Alpes_C.html
French,https://www.tripadvisor.com/Restaurant_Review-g187234-d1111880-Reviews-La_Route_Du_Miam-Nice_French_Riviera_Cote_d_Azur_Provence_Alpes_Cote_d_Azur.html
French,https://www.tripadvisor.com/Restaurant_Review-g187234-d19321666-Reviews-Primo_Amore_by_Pappagallo-Nice_French_Riviera_Cote_d_Azur_Provence_Alpes_Cote_d_.html
French,https://www.tripadvisor.com/Restaurant_Review-g187226-d15065645-Reviews-O_Cap_Couleurs-Hyeres_French_Riviera_Cote_d_Azur_Provence_Alpes_Cote_d_Azur.html
French,https://www.tripadvisor.com/Restaurant_Review-g187234-d18981062-Reviews-La_carpe_koi-Nice_French_Riviera_Cote_d_Azur_Provence_Alpes_Cote_d_Azur.html
French,https://www.tripadvisor.com/Restaurant_Review-g187241-d12662006-Reviews-Mamma_Mia-Saint_Raphael_French_Riviera_Cote_d_Azur_Provence_Alpes_Cote_d_Azur.html
French,https://www.tripadvisor.com/Restaurant_Review-g668760-d10391946-Reviews-La_Musar_Dine-Draguignan_Var_Provence_Alpes_Cote_d_Azur.html
French,https://www.tripadvisor.com/Restaurant_Review-g187238-d16337556-Reviews-La_Passion_Des_Mets-St_Laurent_du_Var_French_Riviera_Cote_d_Azur_Provence_Alpes_.html
French,https://www.tripadvisor.com/Restaurant_Review-g196672-d13536084-Reviews-Le_Yakka-Bandol_French_Riviera_Cote_d_Azur_Provence_Alpes_Cote_d_Azur.html
French,https://www.tripadvisor.com/Restaurant_Review-g187217-d13220201-Reviews-La_Petite_Escale-Antibes_French_Riviera_Cote_d_Azur_Provence_Alpes_Cote_d_Azur.html
French,https://www.tripadvisor.com/Restaurant_Review-g187234-d1835743-Reviews-Les_Amoureux-Nice_French_Riviera_Cote_d_Azur_Provence_Alpes_Cote_d_Azur.html
French,https://www.tripadvisor.com/Restaurant_Review-g187234-d14171624-Reviews-Olim_Massena-Nice_French_Riviera_Cote_d_Azur_Provence_Alpes_Cote_d_Azur.html
French,https://www.tripadvisor.com/Restaurant_Review-g187226-d16939781-Reviews-Supergusto-Hyeres_French_Riviera_Cote_d_Azur_Provence_Alpes_Cote_d_Azur.html
French,https://www.tripadvisor.com/Restaurant_Review-g187234-d14092706-Reviews-La_Belle_Saison-Nice_French_Riviera_Cote_d_Azur_Provence_Alpes_Cote_d_Azur.html
French,https://www.tripadvisor.com/Restaurant_Review-g230043-d8021212-Reviews-Le_krak_n-Bormes_Les_Mimosas_French_Riviera_Cote_d_Azur_Provence_Alpes_Cote_d_Azu.html
French,https://www.tripadvisor.com/Restaurant_Review-g187225-d17690840-Reviews-Dip_Restaurant-Frejus_French_Riviera_Cote_d_Azur_Provence_Alpes_Cote_d_Azur.html
French,https://www.tripadvisor.com/Restaurant_Review-g196672-d12635842-Reviews-Le_Shardana-Bandol_French_Riviera_Cote_d_Azur_Provence_Alpes_Cote_d_Azur.html
French,https://www.tripadvisor.com/Restaurant_Review-g187254-d2199300-Reviews-Les_Plaisirs-Peillon_French_Riviera_Cote_d_Azur_Provence_Alpes_Cote_d_Azur.html
French,https://www.tripadvisor.com/Restaurant_Review-g187221-d19503939-Reviews-Le_Bo_Bar-Cannes_French_Riviera_Cote_d_Azur_Provence_Alpes_Cote_d_Azur.html
French,https://www.tripadvisor.com/Restaurant_Review-g3545475-d18920600-Reviews-Le_grand_pin-Port_Grimaud_Grimaud_French_Riviera_Cote_d_Azur_Provence_Alpes_Cot.html
French,https://www.tripadvisor.com/Restaurant_Review-g187234-d10507691-Reviews-La_Cucina-Nice_French_Riviera_Cote_d_Azur_Provence_Alpes_Cote_d_Azur.html
French,https://www.tripadvisor.com/Restaurant_Review-g196672-d15017164-Reviews-Piazza_Pizza-Bandol_French_Riviera_Cote_d_Azur_Provence_Alpes_Cote_d_Azur.html
French,https://www.tripadvisor.com/Restaurant_Review-g187234-d8400629-Reviews-Le_Millesime-Nice_French_Riviera_Cote_d_Azur_Provence_Alpes_Cote_d_Azur.html
French,https://www.tripadvisor.com/Restaurant_Review-g187223-d14148979-Reviews-Art_8-Golfe_Juan_Vallauris_Vallauris_French_Riviera_Cote_d_Azur_Provence_Alpes_C.html
French,https://www.tripadvisor.com/Restaurant_Review-g187231-d19395743-Reviews-JR_Bistronomie-Menton_French_Riviera_Cote_d_Azur_Provence_Alpes_Cote_d_Azur.html
French,https://www.tripadvisor.com/Restaurant_Review-g187242-d1153165-Reviews-La_Vague_d_Or-Saint_Tropez_French_Riviera_Cote_d_Azur_Provence_Alpes_Cote_d_Azur.html
French,https://www.tripadvisor.com/Restaurant_Review-g187229-d17623991-Reviews-Terre_et_Mer-Juan_les_Pins_Antibes_French_Riviera_Cote_d_Azur_Provence_Alpes_Cot.html
French,https://www.tripadvisor.com/Restaurant_Review-g187217-d4424456-Reviews-Romagna_Mia-Antibes_French_Riviera_Cote_d_Azur_Provence_Alpes_Cote_d_Azur.html
French,https://www.tripadvisor.com/Restaurant_Review-g196673-d1068781-Reviews-La_Villa_Madie-Cassis_French_Riviera_Cote_d_Azur_Provence_Alpes_Cote_d_Azur.html
French,https://www.tripadvisor.com/Restaurant_Review-g187234-d12806013-Reviews-Cumin_et_Cannelle-Nice_French_Riviera_Cote_d_Azur_Provence_Alpes_Cote_d_Azur.html
French,https://www.tripadvisor.com/Restaurant_Review-g187229-d17760317-Reviews-Le_potager-Juan_les_Pins_Antibes_French_Riviera_Cote_d_Azur_Provence_Alpes_Cote_.html
French,https://www.tripadvisor.com/Restaurant_Review-g616127-d7832229-Reviews-Mirabelle-La_Gaude_French_Riviera_Cote_d_Azur_Provence_Alpes_Cote_d_Azur.html
French,https://www.tripadvisor.com/Restaurant_Review-g187234-d12512259-Reviews-Daki_Daia-Nice_French_Riviera_Cote_d_Azur_Provence_Alpes_Cote_d_Azur.html
French,https://www.tripadvisor.com/Restaurant_Review-g187234-d1329364-Reviews-La_Veranda-Nice_French_Riviera_Cote_d_Azur_Provence_Alpes_Cote_d_Azur.html
French,https://www.tripadvisor.com/Restaurant_Review-g187226-d15309287-Reviews-La_Casa_Nostra-Hyeres_French_Riviera_Cote_d_Azur_Provence_Alpes_Cote_d_Azur.html
French,https://www.tripadvisor.com/Restaurant_Review-g196677-d10065863-Reviews-Le_P_tit_Resto_Des_Maurels-Le_Lavandou_French_Riviera_Cote_d_Azur_Provence_Alpes.html
French,https://www.tripadvisor.com/Restaurant_Review-g187220-d19865588-Reviews-Le_Labo_Restaurant-Cagnes_sur_Mer_French_Riviera_Cote_d_Azur_Provence_Alpes_Cote.html
French,https://www.tripadvisor.com/Restaurant_Review-g187232-d1877256-Reviews-La_Place_de_Mougins-Mougins_French_Riviera_Cote_d_Azur_Provence_Alpes_Cote_d_Azur.html
French,https://www.tripadvisor.com/Restaurant_Review-g187234-d14133327-Reviews-Origines-Nice_French_Riviera_Cote_d_Azur_Provence_Alpes_Cote_d_Azur.html
French,https://www.tripadvisor.com/Restaurant_Review-g187234-d14058848-Reviews-That_s_Amore-Nice_French_Riviera_Cote_d_Azur_Provence_Alpes_Cote_d_Azur.html
French,https://www.tripadvisor.com/Restaurant_Review-g187234-d8580646-Reviews-L_epicerie_Georges-Nice_French_Riviera_Cote_d_Azur_Provence_Alpes_Cote_d_Azur.html
French,https://www.tripadvisor.com/Restaurant_Review-g187221-d12801449-Reviews-Lucky_You_Beef_Seafood-Cannes_French_Riviera_Cote_d_Azur_Provence_Alpes_Cote_d_A.html
French,https://www.tripadvisor.com/Restaurant_Review-g187234-d13955323-Reviews-The_Fat_Mermaid-Nice_French_Riviera_Cote_d_Azur_Provence_Alpes_Cote_d_Azur.html
French,https://www.tripadvisor.com/Restaurant_Review-g187226-d6515897-Reviews-Plaisir_Glace-Hyeres_French_Riviera_Cote_d_Azur_Provence_Alpes_Cote_d_Azur.html
French,https://www.tripadvisor.com/Restaurant_Review-g187217-d14171666-Reviews-Cote_Terroir-Antibes_French_Riviera_Cote_d_Azur_Provence_Alpes_Cote_d_Azur.html
French,https://www.tripadvisor.com/Restaurant_Review-g2048735-d2629244-Reviews-Resto_3_Vallees-Seranon_Alpes_Maritimes_Provence_Alpes_Cote_d_Azur.html
French,https://www.tripadvisor.com/Restaurant_Review-g187242-d2721657-Reviews-Gandhi-Saint_Tropez_French_Riviera_Cote_d_Azur_Provence_Alpes_Cote_d_Azur.html
French,https://www.tripadvisor.com/Restaurant_Review-g187232-d5778348-Reviews-Restaurant_Traiteur_La_Cle_de_Sol-Mougins_French_Riviera_Cote_d_Azur_Provence_Alp.html
French,https://www.tripadvisor.com/Restaurant_Review-g187234-d14109541-Reviews-George_s_Roll_Seafood-Nice_French_Riviera_Cote_d_Azur_Provence_Alpes_Cote_d_Azur.html
French,https://www.tripadvisor.com/Restaurant_Review-g187234-d10517836-Reviews-Restaurant_Le_Panier-Nice_French_Riviera_Cote_d_Azur_Provence_Alpes_Cote_d_Azur.html
French,https://www.tripadvisor.com/Restaurant_Review-g187234-d5818597-Reviews-SMART_DELIGHT_ROOM-Nice_French_Riviera_Cote_d_Azur_Provence_Alpes_Cote_d_Azur.html
French,https://www.tripadvisor.com/Restaurant_Review-g187241-d12862951-Reviews-La_Pouletisserie-Saint_Raphael_French_Riviera_Cote_d_Azur_Provence_Alpes_Cote_d_.html
French,https://www.tripadvisor.com/Restaurant_Review-g187234-d4975072-Reviews-JAN-Nice_French_Riviera_Cote_d_Azur_Provence_Alpes_Cote_d_Azur.html
French,https://www.tripadvisor.com/Restaurant_Review-g230043-d9865612-Reviews-Le_Jardin-Bormes_Les_Mimosas_French_Riviera_Cote_d_Azur_Provence_Alpes_Cote_d_Azu.html
French,https://www.tripadvisor.com/Restaurant_Review-g196675-d17395259-Reviews-Les_3_Secs-La_Ciotat_French_Riviera_Cote_d_Azur_Provence_Alpes_Cote_d_Azur.html